{
  "33m": {
    "params": 33001984,
    "loss": 342.8673950195313
  },
  "65m": {
    "params": 64013440,
    "loss": 513.1023315429687
  },
  "100m": {
    "params": 107668224,
    "loss": 642.1311340332031
  }
}